{
  "name": "Quadcopter",
  "position": [
    -2.1249999999999996,
    1.9999999925486123,
    0.09999999999999998
  ],
  "orientation": [
    7.850462293418899e-17,
    -1.9626155733547156e-17,
    -1.0060909078594362e-13
  ],
  "type": 0,
  "handle": 15
}